{"stats":{"minecraft:crafted":{"minecraft:crafting_table":1,"minecraft:spruce_planks":16,"minecraft:stick":4,"minecraft:wooden_pickaxe":1,"minecraft:stone_pickaxe":1},"minecraft:picked_up":{"minecraft:crafting_table":1,"minecraft:sweet_berries":33,"minecraft:gravel":12,"minecraft:spruce_log":4,"minecraft:cobblestone":3},"minecraft:mined":{"minecraft:gravel":12,"minecraft:sweet_berry_bush":14,"minecraft:spruce_leaves":2,"minecraft:spruce_log":4,"minecraft:stone":3,"visualworkbench:minecraft/crafting_table":1},"minecraft:killed_by":{"minecraft:creeper":1,"minecraft:drowned":1},"minecraft:custom":{"minecraft:time_since_rest":377,"minecraft:play_time":5833,"minecraft:sprint_one_cm":9049,"minecraft:deaths":2,"minecraft:damage_taken":631,"minecraft:walk_one_cm":17090,"minecraft:walk_under_water_one_cm":4800,"minecraft:mob_kills":2,"minecraft:jump":56,"minecraft:damage_dealt":286,"minecraft:walk_on_water_one_cm":1932,"minecraft:time_since_death":351,"minecraft:total_world_time":5833,"minecraft:swim_one_cm":6296,"minecraft:interact_with_crafting_table":2,"minecraft:fall_one_cm":5851,"minecraft:fly_one_cm":11957},"minecraft:used":{"minecraft:crafting_table":1,"minecraft:wooden_pickaxe":3}},"DataVersion":3953}