{"stats":{"minecraft:crafted":{"minecraft:torch":4,"minecraft:crafting_table":1,"minecraft:spruce_planks":24,"minecraft:stick":12,"minecraft:wooden_pickaxe":1,"minecraft:stone_pickaxe":1,"minecraft:wooden_axe":1},"minecraft:picked_up":{"minecraft:crafting_table":3,"minecraft:flint":2,"minecraft:spruce_log":6,"minecraft:lapis_lazuli":22,"minecraft:dirt":3,"minecraft:coal":1,"minecraft:cobblestone":28},"minecraft:mined":{"minecraft:coal_ore":1,"minecraft:gravel":1,"minecraft:dirt":3,"minecraft:lapis_ore":4,"minecraft:spruce_log":6,"minecraft:stone":28,"visualworkbench:minecraft/crafting_table":3},"minecraft:dropped":{"minecraft:flint":1},"minecraft:custom":{"minecraft:time_since_rest":5254,"minecraft:crouch_one_cm":1231,"minecraft:play_time":5254,"minecraft:sprint_one_cm":11778,"minecraft:damage_taken":210,"minecraft:walk_one_cm":5159,"minecraft:sneak_time":450,"minecraft:drop":1,"minecraft:jump":88,"minecraft:leave_game":1,"minecraft:time_since_death":5254,"minecraft:total_world_time":5254,"minecraft:interact_with_crafting_table":4,"minecraft:fall_one_cm":5345,"minecraft:fly_one_cm":15465},"minecraft:used":{"minecraft:wooden_axe":3,"minecraft:dirt":3,"minecraft:crafting_table":3,"minecraft:stone_pickaxe":30,"minecraft:wooden_pickaxe":3}},"DataVersion":3953}