{
  "minecraft:recipes/decorations/crafting_table": {
    "criteria": {
      "unlock_right_away": "2024-10-31 14:18:41 +0000"
    },
    "done": true
  },
  "the_bumblezone:root": {
    "criteria": {
      "instant_granted": "2024-10-31 14:18:41 +0000"
    },
    "done": true
  },
  "the_bumblezone:wiki": {
    "criteria": {
      "instant_granted": "2024-10-31 14:18:41 +0000"
    },
    "done": true
  },
  "minecraft:adventure/adventuring_time": {
    "criteria": {
      "minecraft:forest": "2024-10-31 14:18:42 +0000",
      "minecraft:taiga": "2024-10-31 14:18:55 +0000",
      "minecraft:grove": "2024-10-31 14:18:58 +0000"
    },
    "done": false
  },
  "DataVersion": 3953
}